db_uniqueid,db_status,db_attempt,db_slot,db_condition,db_codeversion,db_final_score,db_bonus_dollars,db_failed_competency,db_begin_time,db_end_time,db_client_score,db_feedback,db_fullscreen_exit_count
73c030c31a7c4dd58414c72ab32a9e78,completed,1,0,0,3.0.0-pilot40,1930.0,3.86,False,2026-09-14T21:28:09.669635,2026-09-14T21:46:48.504528,1930.0,,0
1c384d27b3de44c29afaf35ebac610f2,completed,1,1,0,3.0.0-pilot40,1825.0,3.65,False,2026-09-14T21:28:32.250440,2026-09-14T21:57:18.890736,1825.0,,0
c7c29305b22a4b1e86386c0847526501,completed,1,2,0,3.0.0-pilot40,1840.0,3.68,False,2026-09-14T21:28:46.454644,2026-09-14T21:49:02.340968,1840.0,,0
dab11a432bf74511abb1e1190006c404,completed,1,3,0,3.0.0-pilot40,1820.0,3.64,False,2026-09-14T21:29:10.110522,2026-09-14T21:50:35.850457,1820.0,Wow that was nuts lol. ,0
fd0681edf2324ec4a7c3706c0570cb11,completed,1,4,0,3.0.0-pilot40,1415.0,2.83,False,2026-09-14T21:29:32.029286,2026-09-14T21:52:25.376929,1415.0,,0
99d947381ecd40978c68a186fe3550a0,completed,1,5,0,3.0.0-pilot40,1440.0,2.88,False,2026-09-14T21:32:50.917516,2026-09-14T22:00:39.071175,1440.0,,0
be4ddb5391264d65b853cd54908ac109,allocated,1,6,0,3.0.0-pilot40,,,False,2026-09-14T21:33:23.453559,,,,0
283752dbbb8c4f99945576aa5401efd5,completed,1,7,0,3.0.0-pilot40,1715.0,3.43,False,2026-09-14T21:33:29.832077,2026-09-14T21:59:10.745025,1715.0,,0
25a8062a7a874ccca3738dc26bc8310e,completed,1,8,0,3.0.0-pilot40,2070.0,4.14,False,2026-09-14T21:34:09.978635,2026-09-14T21:55:08.299638,2070.0,,0
6b3312502cab49ab8a79277a552ae011,completed,1,9,0,3.0.0-pilot40,1465.0,2.93,False,2026-09-14T21:34:24.172633,2026-09-14T22:01:43.212675,1465.0,"No, the study was educational and interesting. Thanks
",1
0c06f2a581a74df9874b8f07404f499c,completed,1,10,0,3.0.0-pilot40,1585.0,3.17,False,2026-09-14T21:34:40.287100,2026-09-14T21:51:02.134679,1585.0,,0
adb5c02dc2674ec5b914d1a14bc12b55,completed,1,11,0,3.0.0-pilot40,1450.0,2.9,False,2026-09-14T21:34:46.048842,2026-09-14T21:55:31.865091,1450.0,,0
03112556ddc948e0855204487852eeb3,screened_out,1,12,0,3.0.0-pilot40,0.0,0.0,True,2026-09-14T21:34:54.098713,2026-09-14T21:35:47.078620,0.0,,0
0134fedd27f14e56a20841dd5ced49fa,completed,1,13,0,3.0.0-pilot40,1085.0,2.17,False,2026-09-14T21:36:13.614132,2026-09-14T21:55:47.709059,1085.0,,0
b907c4ff30574751880e7fa075e51a6f,completed,1,14,0,3.0.0-pilot40,1905.0,3.81,False,2026-09-14T21:36:16.627693,2026-09-14T21:55:35.245870,1905.0,none,0
bdb17ed1408b47dc8950499eb1f52ec0,allocated,1,15,0,3.0.0-pilot40,,,False,2026-09-14T21:36:19.739621,,,,0
8e870f3cee4a4638985fc21c7529c7a6,allocated,1,16,0,3.0.0-pilot40,,,False,2026-09-14T21:36:20.898957,,,,0
5e273fb54a4f408a9e625520cecdff60,completed,1,17,0,3.0.0-pilot40,1695.0,3.39,False,2026-09-14T21:36:23.872854,2026-09-14T21:56:08.109318,1695.0,,0
4b556b82ee88442f94629089407ed1fe,completed,1,18,0,3.0.0-pilot40,1750.0,3.5,False,2026-09-14T21:36:54.090127,2026-09-14T22:06:24.824227,1750.0,,2
25ee2efe8f1946ce80631752d8a6d52f,screened_out,1,19,0,3.0.0-pilot40,0.0,0.0,True,2026-09-14T21:37:07.872065,2026-09-14T21:37:39.137310,0.0,,0
83256a35a1374136b589025aa05faf27,completed,1,20,0,3.0.0-pilot40,875.0,1.75,False,2026-09-14T21:37:47.623235,2026-09-14T22:00:20.549713,875.0,,0
36aa24913c5b404b93a991d38e358084,completed,1,21,0,3.0.0-pilot40,2075.0,4.15,False,2026-09-14T21:38:46.718132,2026-09-14T22:54:53.230184,2075.0,,0
7dd4a5b8f268415da2bfdaa9b789c65c,screened_out,1,22,0,3.0.0-pilot40,0.0,0.0,True,2026-09-14T21:39:53.997635,2026-09-14T21:40:05.990793,0.0,,0
a96da8244ced421180628a746bb0c00d,completed,1,23,0,3.0.0-pilot40,1090.0,2.18,False,2026-09-14T21:40:01.675612,2026-09-14T22:20:12.489235,1090.0,,1
403eef2ee1eb426a94626ece489b3c11,screened_out,1,24,0,3.0.0-pilot40,0.0,0.0,True,2026-09-14T21:40:13.368047,2026-09-14T21:41:20.577818,0.0,,0
a0dbeb94d6ed47069deb4783de99d401,allocated,1,25,0,3.0.0-pilot40,,,False,2026-09-14T21:40:27.296236,,,,0
871f5a63e38a477c8169390d16ea10ae,completed,1,26,0,3.0.0-pilot40,2290.0,4.58,False,2026-09-14T21:40:30.017165,2026-09-14T21:58:30.765569,2290.0,,0
e11bce4d08e5408ca2a12377ffdeccc7,allocated,1,27,0,3.0.0-pilot40,,,False,2026-09-14T21:40:35.246177,,,,0
fbac65ed561846d5b439822960754d14,completed,1,28,0,3.0.0-pilot40,2125.0,4.25,False,2026-09-14T21:41:04.566770,2026-09-14T21:55:20.586069,2125.0,,0
f975010bddd7425ba76ed177341ef8f8,completed,1,29,0,3.0.0-pilot40,2225.0,4.45,False,2026-09-14T21:41:08.498673,2026-09-14T21:53:39.167561,2225.0,Fun and interesting experiment :),0
7b16654692fa4fd2b5c0d3b24580e7fe,completed,1,30,0,3.0.0-pilot40,2140.0,4.28,False,2026-09-14T21:41:35.338794,2026-09-14T22:06:10.384505,2140.0,,0
9f00eb953bd84eb9beb821b7d6ac6891,screened_out,1,31,0,3.0.0-pilot40,0.0,0.0,True,2026-09-14T21:41:40.612487,2026-09-14T21:43:40.378380,0.0,,0
89336f87b6604cf9b9c43613a203af95,completed,1,32,0,3.0.0-pilot40,1395.0,2.79,False,2026-09-14T21:41:47.350689,2026-09-14T22:05:51.898002,1395.0,,0
f193022654324373a900aca9c16b635a,completed,1,33,0,3.0.0-pilot40,920.0,1.84,False,2026-09-14T21:41:53.894545,2026-09-14T22:00:26.298597,920.0,,0
fc07650535114722872c5b02fdc08ea9,completed,1,34,0,3.0.0-pilot40,1695.0,3.39,False,2026-09-14T21:42:17.975343,2026-09-14T22:09:37.641934,1695.0,"The experiment is confusing, but I think that is the point. ",0
06799673de50415e960ae4c7e0e9a877,started,1,35,0,3.0.0-pilot40,,,False,2026-09-14T21:42:57.417822,,,,0
c4946054e6ff40348d4141864b4b7102,completed,1,36,0,3.0.0-pilot40,2160.0,4.32,False,2026-09-14T21:43:04.751088,2026-09-14T21:59:56.732999,2160.0,,0
ab5d34419f83447582adb56df30ada67,started,1,37,0,3.0.0-pilot40,,,False,2026-09-14T21:43:20.127184,,,,0
f7b181bfb309449dbb5c30d620a00304,completed,2,38,0,3.0.0-pilot40,1125.0,2.25,False,2026-09-14T21:43:41.628334,2026-09-14T22:12:19.120155,1125.0,,0
a4b3127be9564cf8b3a222f65ad6d262,completed,1,39,0,3.0.0-pilot40,1780.0,3.56,False,2026-09-14T21:44:02.744993,2026-09-14T22:01:13.962670,1780.0,,0
f521fe48c7604697b22353e8e0d09f07,completed,1,0,0,3.0.0-pilot40,1680.0,3.36,False,2026-09-14T21:44:43.922056,2026-09-14T22:11:00.581530,1680.0,,0
21d820821d3a4a158b144fabb80c5bf6,completed,3,1,0,3.0.0-pilot40,945.0,1.89,False,2026-09-14T21:45:09.158109,2026-09-14T22:05:22.256308,945.0,,0
addd9dbfa35448f5aec9d39b0882aa90,started,1,2,0,3.0.0-pilot40,,,False,2026-09-14T21:45:56.303845,,,,0
9f4843f74fbb4427b9953c8650f139b0,completed,1,3,0,3.0.0-pilot40,1790.0,3.58,False,2026-09-14T21:46:12.341074,2026-09-14T22:21:33.938734,1790.0,,0
fe8b4af46ed4410791b0e7fac0ac42c7,completed,1,4,0,3.0.0-pilot40,1925.0,3.85,False,2026-09-14T21:46:44.385448,2026-09-14T22:08:04.753200,1925.0,,0
f4e5978d82234ebb97a8d52dac0516c9,completed,1,5,0,3.0.0-pilot40,2135.0,4.27,False,2026-09-14T21:48:16.643179,2026-09-14T22:08:26.112279,2135.0,,0
4ccedc572c95469795b11803dcc9c396,completed,1,6,0,3.0.0-pilot40,1630.0,3.26,False,2026-09-14T21:49:41.484900,2026-09-14T22:08:03.318230,1630.0,,0
288b03f388ec44359858a9316d112554,completed,1,7,0,3.0.0-pilot40,1510.0,3.02,False,2026-09-14T22:00:40.094148,2026-09-14T22:13:50.384909,1510.0,,1
670f23f16d57497b95ef26fdc00bb791,screened_out,1,8,0,3.0.0-pilot40,0.0,0.0,True,2026-09-14T22:15:11.673879,2026-09-14T22:17:54.608906,0.0,,0
ef25298e952a489d907cec06929d8a36,completed,1,9,0,3.0.0-pilot40,1800.0,3.6,False,2026-09-14T22:22:20.346528,2026-09-14T22:55:42.482663,1800.0,,0
e5e6986fedf74575875621ddd2e1bc4c,completed,1,10,0,3.0.0-pilot40,1935.0,3.87,False,2026-09-14T22:22:45.788759,2026-09-14T22:37:47.434678,1935.0,,0
e19569b22a634ba7a5f99972e030d0f9,completed,1,11,0,3.0.0-pilot40,1720.0,3.44,False,2026-09-14T22:23:21.750045,2026-09-14T22:41:01.465256,1720.0,,0
