word,is_living,fits_shoebox
ABDOMEN,no,no
ACID,no,yes
ACORN,no,yes
ACROBAT,yes,no
ACTOR,yes,no
ACTRESS,yes,no
ADOLESCENT,yes,no
ADULT,yes,no
AFRICA,no,no
AGENT,yes,no
AIRCRAFT,no,no
AIRPLANE,no,no
AIRPORT,no,no
ALBUM,no,yes
ALLEY,no,no
ALLIGATOR,yes,no
ALMANAC,no,yes
ALMOND,no,yes
AMBULANCE,no,no
ANCESTOR,yes,no
ANCHOR,no,no
ANGEL,ambiguous,no
ANIMAL,yes,ambiguous
ANKLE,no,no
ANT,yes,yes
ANTEATER,yes,no
ANTELOPE,yes,no
ANTENNA,no,yes
ANTLER,no,ambiguous
APARTMENT,no,no
APE,yes,no
APPENDAGE,no,ambiguous
APPLE,no,yes
APPLICATION,no,yes
APRON,no,yes
ARCHITECT,yes,no
ARENA,no,no
ARM,no,no
ARMY,no,no
ARROW,no,yes
ARTERY,no,no
ARTICLE,no,yes
ARTIST,yes,no
ASH,no,yes
ASHTRAY,no,yes
ASIA,no,no
ASPIRIN,no,yes
ASSISTANT,yes,no
ASSOCIATE,yes,no
ASTEROID,no,no
ASTRONAUT,yes,no
ATHLETE,yes,no
ATLAS,no,yes
ATMOSPHERE,no,no
ATOM,no,yes
ATTIC,no,no
ATTIRE,no,ambiguous
ATTORNEY,yes,no
AUDIENCE,no,no
AUNT,yes,no
AUTHOR,yes,no
AUTOMOBILE,no,no
AWARD,no,yes
BABY,yes,no
BACK,no,no
BACKBONE,no,no
BACON,no,yes
BADGE,no,yes
BAG,no,yes
BAIT,no,yes
BAKER,yes,no
BALCONY,no,no
BALL,no,yes
BALLERINA,yes,no
BALLOON,no,yes
BALLOT,no,yes
BANANA,no,yes
BAND,no,yes
BANDAGE,no,yes
BANDANNA,no,yes
BANDIT,yes,no
BANJO,no,no
BANK,no,no
BANKER,yes,no
BANNER,no,no
BANQUET,no,no
BARK,no,yes
BARLEY,no,yes
BARN,no,no
BARRACUDA,yes,no
BARREL,no,no
BARTENDER,yes,no
BASEBALL,no,yes
BASEMENT,no,no
BASKET,no,ambiguous
BASKETBALL,no,ambiguous
BASSINET,no,no
BATH,no,no
BATHROOM,no,no
BATHTUB,no,no
BATTERY,no,yes
BAY,no,no
BEAD,no,yes
BEAKER,no,yes
BEAN,no,yes
BEAR,yes,no
BEARD,no,no
BEAST,yes,ambiguous
BEAVER,yes,no
BED,no,no
BEDROOM,no,no
BEE,yes,yes
BEEF,no,yes
BEER,no,yes
BEET,no,yes
BEETLE,yes,yes
BEGGAR,yes,no
BELL,no,yes
BELLY,no,no
BELT,no,yes
BENCH,no,no
BERRY,no,yes
BEVERAGE,no,yes
BIBLE,no,yes
BIKE,no,no
BILL,no,yes
BINDER,no,yes
BIOLOGIST,yes,no
BIRD,yes,yes
BISCUIT,no,yes
BISON,yes,no
BLACKBERRY,no,yes
BLACKBOARD,no,no
BLADE,no,yes
BLANKET,no,no
BLENDER,no,ambiguous
BLOCKADE,no,no
BLOSSOM,no,yes
BLOUSE,no,no
BLUEBERRY,no,yes
BLUEJAY,yes,yes
BLUEPRINT,no,yes
BOARD,no,no
BOAT,no,no
BODY,no,no
BOLT,no,yes
BOMB,no,ambiguous
BONE,no,yes
BOOK,no,yes
BOOT,no,yes
BOOTH,no,no
BOSS,yes,no
BOTTLE,no,yes
BOUILLON,no,yes
BOULDER,no,no
BOULEVARD,no,no
BOUQUET,no,ambiguous
BOWL,no,yes
BOX,no,yes
BOXER,yes,no
BOY,yes,no
BOYFRIEND,yes,no
BRACELET,no,yes
BRACES,no,yes
BRAIN,no,yes
BRAKE,no,yes
BRAN,no,yes
BRANCH,no,no
BRANDY,no,yes
BREAD,no,yes
BREAST,no,no
BRICK,no,yes
BRIDE,yes,no
BRIDGE,no,no
BRIEFCASE,no,ambiguous
BROCCOLI,no,yes
BROOK,no,no
BROOM,no,no
BROTHER,yes,no
BRUISE,no,ambiguous
BRUNETTE,ambiguous,no
BRUSH,no,yes
BUBBLE,no,yes
BUCKET,no,ambiguous
BUCKLE,no,yes
BUFFALO,yes,no
BUG,yes,yes
BUGGY,no,no
BUGLE,no,ambiguous
BUILDER,yes,no
BUILDING,no,no
BULB,no,yes
BULL,yes,no
BULLET,no,yes
BULLETIN,no,yes
BULLY,yes,no
BUN,no,yes
BUNNY,yes,yes
BUREAU,no,no
BURGLAR,yes,no
BUS,no,no
BUSH,yes,no
BUTCHER,yes,no
BUTLER,yes,no
BUTTER,no,yes
BUTTERFLY,yes,yes
BUTTON,no,yes
BUYER,yes,no
CAB,no,no
CABBAGE,no,yes
CABIN,no,no
CABINET,no,no
CABLE,no,yes
CABOOSE,no,no
CACTUS,yes,yes
CAFE,no,no
CAFETERIA,no,no
CAGE,no,ambiguous
CAKE,no,ambiguous
CALCULATOR,no,yes
CALENDAR,no,yes
CALF,yes,no
CAMEL,yes,no
CAMERA,no,yes
CAN,no,yes
CANAL,no,no
CANARY,yes,yes
CANDIDATE,yes,no
CANDLE,no,yes
CANDY,no,yes
CANE,no,no
CANNON,no,no
CANOE,no,no
CANVAS,no,ambiguous
CANYON,no,no
CAP,no,yes
CAPE,no,ambiguous
CAPITAL,no,no
CAPTAIN,yes,no
CAPTIVE,yes,no
CAR,no,no
CARAVAN,no,no
CARD,no,yes
CARDINAL,yes,yes
CARNIVAL,no,no
CARPENTER,yes,no
CARPET,no,no
CARRIAGE,no,no
CARROT,no,yes
CART,no,no
CARTON,no,yes
CASH,no,yes
CASHEW,no,yes
CASHIER,yes,no
CASKET,no,no
CASTLE,no,no
CAT,yes,no
CATCHER,yes,no
CATERPILLAR,yes,yes
CATHEDRAL,no,no
CATTLE,yes,no
CAULIFLOWER,no,yes
CAVE,no,no
CAVITY,no,no
CEILING,no,no
CELERY,no,yes
CELLAR,no,no
CELLO,no,no
CEMETERY,no,no
CENT,no,yes
CERAMICS,no,yes
CEREAL,no,yes
CHAIN,no,yes
CHAIR,no,no
CHAIRPERSON,yes,no
CHALK,no,yes
CHAMBER,no,no
CHAMPAGNE,no,yes
CHAMPION,yes,no
CHAPEL,no,no
CHARCOAL,no,yes
CHART,no,yes
CHAUFFEUR,yes,no
CHECK,no,yes
CHECKERS,no,yes
CHEDDAR,no,yes
CHEEK,no,no
CHEERLEADER,yes,no
CHEESE,no,yes
CHEF,yes,no
CHEMICAL,no,yes
CHEMIST,yes,no
CHERRY,no,yes
CHESS,no,yes
CHEST,no,no
CHICK,yes,yes
CHICKEN,yes,ambiguous
CHIEF,yes,no
CHILD,yes,no
CHIME,no,yes
CHIMNEY,no,no
CHIMPANZEE,yes,no
CHIP,no,yes
CHIPMUNK,yes,yes
CHISEL,no,yes
CHOCOLATE,no,yes
CHURCH,no,no
CIGAR,no,yes
CIGARETTE,no,yes
CINNAMON,no,yes
CIRCUS,no,no
CITIZEN,yes,no
CITRUS,no,yes
CITY,no,no
CLAM,yes,yes
CLAMP,no,yes
CLARINET,no,no
CLASS,no,no
CLAW,no,yes
CLAY,no,yes
CLERK,yes,no
CLIFF,no,no
CLIMBER,yes,no
CLIPPERS,no,yes
CLOCK,no,yes
CLOSET,no,no
CLOTHES,no,no
CLOUD,no,no
CLOVE,no,yes
CLOWN,yes,no
COACH,ambiguous,no
COAL,no,yes
COAT,no,no
COB,no,yes
COBBLER,yes,no
COBRA,yes,no
COBWEB,no,yes
COCKTAIL,no,yes
COCOON,no,yes
COD,yes,ambiguous
COFFEE,no,yes
COFFIN,no,no
COIN,no,yes
COLESLAW,no,yes
COLLAR,no,yes
COLLEGE,no,no
COLOGNE,no,yes
COLONEL,yes,no
COLT,yes,no
COLUMN,no,no
COMB,no,yes
COMEDIAN,yes,no
COMET,no,no
COMMANDER,yes,no
COMMITTEE,no,no
COMMUNITY,no,no
COMPANION,yes,no
COMPASS,no,yes
COMPUTER,no,no
CONCERT,no,no
CONCRETE,no,yes
CONDUCTOR,yes,no
CONE,no,yes
CONSOLE,no,ambiguous
CONSUMER,yes,no
CONTAINER,no,yes
CONTINENT,no,no
CONTRACT,no,yes
CONTRACTOR,yes,no
CONVENT,no,no
CONVICT,yes,no
COOK,yes,no
COOKBOOK,no,yes
COOKIE,no,yes
COOLER,no,no
COP,yes,no
COPIER,no,no
CORAL,ambiguous,yes
CORD,no,yes
CORK,no,yes
CORN,no,yes
CORPORATION,no,no
COSTUME,no,no
COTTAGE,no,no
COTTON,no,yes
COUCH,no,no
COUGAR,yes,no
COUNTRY,no,no
COUNTY,no,no
COURSE,no,no
COURT,no,no
COUSIN,yes,no
COW,yes,no
COWARD,yes,no
COWBOY,yes,no
COYOTE,yes,no
CRAB,yes,yes
CRACKER,no,yes
CRADLE,no,no
CRATER,no,no
CRAYON,no,yes
CREAM,no,yes
CREATURE,yes,ambiguous
CREEK,no,no
CREVICE,no,no
CREW,no,no
CRIB,no,no
CRICKET,yes,yes
CRIMINAL,yes,no
CRITIC,yes,no
CROCODILE,yes,no
CROOK,yes,no
CROSS,no,yes
CROW,yes,yes
CROWN,no,yes
CRUMB,no,yes
CRUTCH,no,no
CRYSTAL,no,yes
CUB,yes,yes
CUBE,no,yes
CUCUMBER,no,yes
CUE,no,no
CUFF,no,yes
CUP,no,yes
CUPBOARD,no,no
CURB,no,no
CURTAIN,no,no
CUSHION,no,ambiguous
CUSTARD,no,yes
CUSTOMER,yes,no
CYCLONE,no,no
CYLINDER,no,yes
DAD,yes,no
DAGGER,no,yes
DAISY,yes,yes
DAM,no,no
DANCER,yes,no
DANDELION,yes,yes
DANDRUFF,no,yes
DART,no,yes
DASHBOARD,no,no
DAUGHTER,yes,no
DECK,no,no
DEER,yes,no
DELINQUENT,yes,no
DENIM,no,yes
DENTIST,yes,no
DEODORANT,no,yes
DEPARTMENT,no,no
DEPUTY,yes,no
DESIGNER,yes,no
DESK,no,no
DESSERT,no,yes
DETECTIVE,yes,no
DETERGENT,no,yes
DIAGRAM,no,yes
DIAL,no,yes
DIAMOND,no,yes
DIAPER,no,yes
DIARY,no,yes
DICE,no,yes
DICTATOR,yes,no
DICTIONARY,no,yes
DIGGER,ambiguous,no
DILL,no,yes
DIME,no,yes
DINER,ambiguous,no
DINNER,no,no
DINOSAUR,ambiguous,no
DIPLOMA,no,yes
DIRECTOR,yes,no
DIRT,no,yes
DISC,no,yes
DISH,no,yes
DISHWASHER,no,no
DIVER,yes,no
DOCK,no,no
DOCTOR,yes,no
DOCUMENT,no,yes
DOG,yes,no
DOLL,no,yes
DOLLAR,no,yes
DOLPHIN,yes,no
DONKEY,yes,no
DONOR,yes,no
DOOR,no,no
DOORBELL,no,yes
DORM,no,no
DOUGH,no,yes
DOUGHNUT,no,yes
DOVE,yes,yes
DRAGON,ambiguous,no
DRAWER,no,no
DRAWING,no,yes
DRESS,no,no
DRESSER,no,no
DRILL,no,yes
DRINK,no,yes
DRIVER,yes,no
DRIVEWAY,no,no
DRUG,no,yes
DRUM,no,no
DRYER,no,no
DUCK,yes,yes
DUMP,no,no
DUNE,no,no
DUNGEON,no,no
DUST,no,yes
DUSTPAN,no,yes
DWARF,ambiguous,no
DYNAMITE,no,yes
EAGLE,yes,no
EAR,no,yes
EARRING,no,yes
EARTH,no,no
EDITOR,yes,no
EDITORIAL,no,yes
EGG,no,yes
EGYPT,no,no
ELBOW,no,yes
ELECTRICIAN,yes,no
ELECTRON,no,yes
ELEPHANT,yes,no
ELEVATOR,no,no
ELF,ambiguous,no
ELK,yes,no
ELM,yes,no
EMERALD,no,yes
EMPEROR,yes,no
EMPIRE,no,no
EMPLOYEE,yes,no
EMPLOYER,yes,no
ENCYCLOPEDIA,no,ambiguous
ENEMY,yes,no
ENGINE,no,no
ENGINEER,yes,no
ENVELOPE,no,yes
ERASER,no,yes
ESCALATOR,no,no
ESSAY,no,yes
EUROPE,no,no
EWE,yes,no
EXPERT,yes,no
EXPLOSION,no,no
EYE,no,yes
EYELASH,no,yes
FACE,no,no
FACTORY,no,no
FAIRY,ambiguous,no
FAMILY,no,no
FAN,no,ambiguous
FARM,no,no
FARMER,yes,no
FATHER,yes,no
FAUCET,no,yes
FEAST,no,no
FEATHER,no,yes
FELLOW,yes,no
FEMALE,yes,no
FENCE,no,no
FIDDLE,no,ambiguous
FIELD,no,no
FIG,no,yes
FIGHTER,yes,no
FILM,no,yes
FIN,no,yes
FINGER,no,yes
FINGERNAIL,no,yes
FIREMAN,yes,no
FIREPLACE,no,no
FISH,yes,yes
FIST,no,yes
FLAG,no,no
FLANNEL,no,no
FLASHLIGHT,no,yes
FLASK,no,yes
FLEA,yes,yes
FLEET,no,no
FLESH,no,yes
FLIPPER,no,ambiguous
FLOOR,no,no
FLORIDA,no,no
FLOUR,no,yes
FLOWER,yes,yes
FLUTE,no,no
FLY,yes,yes
FOE,yes,no
FOLDER,no,yes
FOLLOWER,yes,no
FOOT,no,ambiguous
FOOTBALL,no,yes
FOREHEAD,no,yes
FOREST,no,no
FORK,no,yes
FORT,no,no
FOSSIL,no,yes
FOUNTAIN,no,no
FOX,yes,no
FRAGRANCE,no,yes
FRAME,no,yes
FRANCE,no,no
FRECKLE,no,yes
FREEWAY,no,no
FREEZER,no,no
FRIAR,yes,no
FRIEND,yes,no
FRIES,no,yes
FROG,yes,yes
FROST,no,yes
FRUIT,no,yes
FUDGE,no,yes
FUGITIVE,yes,no
FUNERAL,no,no
FUNGUS,ambiguous,yes
FUR,no,yes
FURNITURE,no,no
GALAXY,no,no
GALLON,no,ambiguous
GANG,no,no
GANGSTER,yes,no
GARAGE,no,no
GARBAGE,no,ambiguous
GARDEN,no,no
GARLIC,no,yes
GATE,no,no
GAUZE,no,yes
GAVEL,no,yes
GAZELLE,yes,no
GEM,no,yes
GENERAL,yes,no
GENTLEMAN,yes,no
GERM,ambiguous,yes
GHETTO,no,no
GHOST,ambiguous,no
GIFT,no,yes
GIRAFFE,yes,no
GIRL,yes,no
GLACIER,no,no
GLASS,no,yes
GLASSES,no,yes
GLOBE,no,yes
GLOVE,no,yes
GLUE,no,yes
GOAT,yes,no
GOBLIN,ambiguous,no
GODDESS,ambiguous,no
GOLD,no,yes
GOO,no,yes
GOOSE,yes,ambiguous
GORILLA,yes,no
GOVERNOR,yes,no
GOWN,no,no
GRADUATE,yes,no
GRAPE,no,yes
GRASS,yes,yes
GRASSHOPPER,yes,yes
GRATE,no,yes
GRAVE,no,no
GRAVEL,no,yes
GREASE,no,yes
GRILL,no,no
GRIZZLY,yes,no
GROCERIES,no,no
GROCERY,no,no
GROOM,yes,no
GROUND,no,no
GUARD,yes,no
GUARDIAN,yes,no
GUEST,yes,no
GUITAR,no,no
GULL,yes,yes
GUM,no,yes
GUN,no,yes
GYM,no,no
GYMNAST,yes,no
HAIL,no,yes
HALL,no,no
HAM,no,yes
HAMBURGER,no,yes
HAMMER,no,yes
HAMMOCK,no,no
HAMPER,no,no
HAND,no,yes
HANDBAG,no,ambiguous
HANDCUFFS,no,yes
HANDKERCHIEF,no,yes
HANGER,no,yes
HARE,yes,yes
HARP,no,no
HAT,no,yes
HATCHET,no,yes
HAWK,yes,no
HAY,no,ambiguous
HAYSTACK,no,no
HEAD,no,ambiguous
HEADBAND,no,yes
HEART,no,yes
HEATER,no,no
HEDGE,yes,no
HEEL,no,yes
HELICOPTER,no,no
HELMET,no,yes
HEN,yes,yes
HERB,ambiguous,yes
HERD,no,no
HERO,yes,no
HIGHWAY,no,no
HIKER,yes,no
HINGE,no,yes
HIP,no,no
HOE,no,no
HOME,no,no
HONEY,no,yes
HOOD,no,no
HOOK,no,yes
HOOP,no,ambiguous
HORIZON,no,no
HORNET,yes,yes
HORSE,yes,no
HOSE,no,ambiguous
HOSPITAL,no,no
HOSTAGE,yes,no
HOSTESS,yes,no
HOUND,yes,no
HOUSE,no,no
HUMAN,yes,no
HURRICANE,no,no
HUSBAND,yes,no
HUT,no,no
ICE,no,yes
ICEBERG,no,no
ICING,no,yes
IDOL,no,yes
IGLOO,no,no
INCENSE,no,yes
INDIAN,yes,no
INFANT,yes,no
INMATE,yes,no
INN,no,no
INSECT,yes,yes
INSTRUCTOR,yes,no
INTESTINE,no,no
INVENTOR,yes,no
IRON,no,yes
ISLAND,no,no
ITEM,no,yes
JACKET,no,no
JAM,no,yes
JAPAN,no,no
JAR,no,yes
JAW,no,no
JEANS,no,no
JEEP,no,no
JELLO,no,yes
JELLY,no,yes
JET,no,no
JEWEL,no,yes
JOINT,no,yes
JOKER,yes,no
JOURNAL,no,yes
JUDGE,yes,no
JUG,no,yes
JUGGLER,yes,no
JUNGLE,no,no
JUPITER,no,no
JURY,no,no
JUVENILE,yes,no
KANGAROO,yes,no
KEEPER,yes,no
KEG,no,no
KETCHUP,no,yes
KETTLE,no,yes
KEY,no,yes
KEYBOARD,no,ambiguous
KID,yes,no
KIDNEY,no,yes
KING,yes,no
KITCHEN,no,no
KITE,no,no
KITTEN,yes,yes
KIWI,ambiguous,ambiguous
KLEENEX,no,yes
KNAPSACK,no,yes
KNEE,no,yes
KNIFE,no,yes
KNIGHT,yes,no
KNOB,no,yes
KNOT,no,yes
KNUCKLE,no,yes
LABEL,no,yes
LABYRINTH,no,no
LACE,no,yes
LADDER,no,no
LADY,yes,no
LAGOON,no,no
LAKE,no,no
LAMB,yes,yes
LAMP,no,ambiguous
LANDSCAPE,no,no
LAPEL,no,yes
LASER,no,yes
LASH,no,yes
LAUNDRY,no,no
LAVA,no,ambiguous
LAWN,no,no
LAWYER,yes,no
LEADER,yes,no
LEAF,ambiguous,yes
LEG,no,no
LEMON,no,yes
LENS,no,yes
LEOPARD,yes,no
LETTER,no,yes
LETTUCE,no,yes
LEVER,no,yes
LIBRARY,no,no
LID,no,yes
LIEUTENANT,yes,no
LIGHTER,no,yes
LIGHTNING,no,no
LILY,yes,yes
LIMB,no,no
LIME,no,yes
LIMOUSINE,no,no
LINEN,no,ambiguous
LINT,no,yes
LION,yes,no
LIP,no,yes
LIPSTICK,no,yes
LIST,no,yes
LITERATURE,no,yes
LITTER,no,yes
LIVER,no,ambiguous
LIZARD,yes,yes
LOAF,no,yes
LOBBY,no,no
LOBSTER,yes,ambiguous
LOCK,no,yes
LODGE,no,no
LOFT,no,no
LOG,no,no
LOLLIPOP,no,yes
LONDON,no,no
LOOP,no,yes
LOUNGE,no,no
LOVER,yes,no
LUGGAGE,no,no
LUMBER,no,no
LUNCH,no,no
LUNG,no,ambiguous
MACARONI,no,yes
MACHINE,no,no
MAGAZINE,no,yes
MAGICIAN,yes,no
MAGNET,no,yes
MAID,yes,no
MAILBOX,no,no
MAILMAN,yes,no
MAJOR,yes,no
MALL,no,no
MAMMAL,yes,no
MAN,yes,no
MANAGER,yes,no
MANSION,no,no
MAP,no,yes
MAPLE,yes,no
MARBLE,no,yes
MARGARINE,no,yes
MARINE,yes,no
MARKER,no,yes
MARKET,no,no
MARROW,ambiguous,yes
MARS,no,no
MARSH,no,no
MASCARA,no,yes
MASK,no,yes
MAT,no,yes
MATCH,no,yes
MATTRESS,no,no
MAYONNAISE,no,yes
MEADOW,no,no
MEAL,no,no
MEAT,no,yes
MECHANIC,yes,no
MEDAL,no,yes
MEDICINE,no,yes
MERMAID,ambiguous,no
MESSAGE,no,yes
METEOR,no,no
MICROPHONE,no,yes
MICROSCOPE,no,ambiguous
MICROWAVE,no,no
MILDEW,ambiguous,yes
MILITARY,no,no
MILK,no,yes
MINER,yes,no
MINK,yes,ambiguous
MINT,ambiguous,yes
MIRROR,no,yes
MISSILE,no,no
MISTER,yes,no
MITTEN,no,yes
MOAT,no,no
MOB,no,no
MOLECULE,no,yes
MONARCH,yes,ambiguous
MONASTERY,no,no
MONEY,no,yes
MONGOOSE,yes,yes
MONK,yes,no
MONKEY,yes,ambiguous
MONSTER,ambiguous,no
MONUMENT,no,no
MOON,no,no
MOOSE,yes,no
MOP,no,no
MOSQUITO,yes,yes
MOSS,yes,yes
MOTEL,no,no
MOTH,yes,yes
MOTHER,yes,no
MOTOR,no,yes
MOTORCYCLE,no,no
MOUNTAIN,no,no
MOUSE,yes,yes
MOUTH,no,yes
MOVIE,no,no
MOWER,no,no
MUFFIN,no,yes
MUG,no,yes
MULE,yes,no
MUMMY,ambiguous,no
MUSEUM,no,no
MUSHROOM,yes,yes
MUSTARD,no,yes
NAIL,no,yes
NAPKIN,no,yes
NAVIGATOR,yes,no
NECK,no,ambiguous
NECKLACE,no,yes
NEEDLE,no,yes
NEPHEW,yes,no
NEPTUNE,no,no
NERVE,no,yes
NEST,no,yes
NET,no,yes
NEUTRON,no,yes
NEWSPAPER,no,yes
NEWSSTAND,no,no
NICKEL,no,yes
NICOTINE,no,yes
NIECE,yes,no
NIGHTGOWN,no,no
NITROGEN,no,yes
NOMAD,yes,no
NOOSE,no,yes
NOSE,no,yes
NOTE,no,yes
NOTEBOOK,no,yes
NOVEL,no,yes
NUCLEUS,no,yes
NUN,yes,no
NURSE,yes,no
NURSERY,no,no
NUT,no,yes
OAR,no,no
OATMEAL,no,yes
OATS,no,yes
OBOE,no,no
OCEAN,no,no
OCTOPUS,yes,ambiguous
OFFICE,no,no
OFFICER,yes,no
OINTMENT,no,yes
OLIVE,no,yes
OMELET,no,yes
ONION,no,yes
OPERA,no,no
OPERATOR,yes,no
ORANGE,no,yes
ORCHESTRA,no,no
ORCHID,yes,yes
OREGANO,no,yes
ORGAN,no,ambiguous
ORNAMENT,no,yes
OTTER,yes,ambiguous
OUTDOORS,no,no
OUTFIT,no,no
OUTLAW,yes,no
OVAL,no,ambiguous
OVEN,no,no
OWL,yes,no
OWNER,yes,no
OX,yes,no
OYSTER,yes,yes
OZONE,no,no
PACKAGE,no,yes
PAD,no,yes
PADDING,no,yes
PADDLE,no,ambiguous
PAGE,no,yes
PAIL,no,yes
PAINT,no,yes
PAINTER,yes,no
PAINTING,no,no
PALACE,no,no
PALM,ambiguous,ambiguous
PAN,no,yes
PANTHER,yes,no
PANTS,no,no
PAPER,no,yes
PARCEL,no,yes
PARENT,yes,no
PARIS,no,no
PARROT,yes,yes
PARSLEY,ambiguous,yes
PARTNER,yes,no
PARTY,no,no
PASSAGE,no,no
PASSENGER,yes,no
PASTA,no,yes
PASTRY,no,yes
PATH,no,no
PATIENT,yes,no
PATIO,no,no
PATRIOT,yes,no
PATROL,no,no
PAVEMENT,no,no
PAW,no,yes
PAWN,no,yes
PEACH,no,yes
PEANUT,no,yes
PEAR,no,yes
PEARL,no,yes
PEBBLE,no,yes
PECAN,no,yes
PEDAL,no,yes
PEDESTRIAN,yes,no
PELICAN,yes,no
PELT,no,yes
PEN,no,yes
PENCIL,no,yes
PENDULUM,no,yes
PENGUIN,yes,no
PENNY,no,yes
PEOPLE,ambiguous,no
PEPPER,no,yes
PERCH,ambiguous,yes
PERFUME,no,yes
PERISCOPE,no,no
PERMIT,no,yes
PERSON,yes,no
PERSONNEL,no,no
PHILOSOPHER,yes,no
PHOTO,no,yes
PHYSICIAN,yes,no
PIANO,no,no
PICK,no,ambiguous
PICKLE,no,yes
PICNIC,no,no
PICTURE,no,yes
PIE,no,yes
PIER,no,no
PIG,yes,no
PIGEON,yes,yes
PIGMENT,no,yes
PIKE,ambiguous,no
PILL,no,yes
PILLOW,no,ambiguous
PILOT,yes,no
PIMPLE,no,yes
PIN,no,yes
PIPE,no,yes
PIRATE,yes,no
PISTOL,no,yes
PISTON,no,yes
PIT,no,ambiguous
PITCHFORK,no,no
PIZZA,no,ambiguous
PLAID,no,yes
PLANE,no,ambiguous
PLANET,no,no
PLANT,yes,yes
PLAQUE,no,yes
PLASTER,no,yes
PLATE,no,yes
PLAYGROUND,no,no
PLAZA,no,no
PLIERS,no,yes
PLUM,no,yes
PLUMBER,yes,no
PLUTO,no,no
POCKET,no,yes
POCKETBOOK,no,yes
POET,yes,no
POISON,no,yes
POLE,no,no
POLICE,no,no
POLITICIAN,yes,no
POLYESTER,no,yes
POND,no,no
PONY,yes,no
POOL,no,no
POPCORN,no,yes
POPE,yes,no
PORCH,no,no
PORCUPINE,yes,no
PORK,no,yes
PORPOISE,yes,no
PORT,no,no
PORTRAIT,no,no
POSSUM,yes,yes
POSTAGE,no,yes
POT,no,yes
POTATO,no,yes
POTTERY,no,yes
POWDER,no,yes
PRAIRIE,no,no
PREACHER,yes,no
PREDATOR,yes,no
PRESIDENT,yes,no
PRIEST,yes,no
PRIMATE,yes,no
PRINCE,yes,no
PRINCESS,yes,no
PRINTER,no,ambiguous
PRISON,no,no
PRISONER,yes,no
PRODUCER,yes,no
PROFESSIONAL,yes,no
PROFESSOR,yes,no
PROTON,no,yes
PROTRACTOR,no,yes
PRUNE,no,yes
PUB,no,no
PUBLICATION,no,yes
PUBLISHER,ambiguous,no
PUCK,no,yes
PUDDING,no,yes
PUDDLE,no,yes
PUMP,no,yes
PUMPKIN,no,no
PUPIL,ambiguous,ambiguous
PUPPY,yes,yes
PURSE,no,yes
PUZZLE,no,yes
QUAIL,yes,yes
QUARTER,no,yes
QUEEN,yes,no
QUILL,no,yes
QUILT,no,no
RABBIT,yes,yes
RACCOON,yes,no
RACK,no,no
RACKET,no,ambiguous
RADIATOR,no,no
RADIO,no,yes
RADISH,no,yes
RAFT,no,no
RAG,no,yes
RAIL,no,no
RAILROAD,no,no
RAISIN,no,yes
RAKE,no,no
RAM,yes,no
RANCH,no,no
RASH,no,ambiguous
RASPBERRY,no,yes
RAT,yes,yes
RATTLE,no,yes
RAZOR,no,yes
REBEL,yes,no
RECEIPT,no,yes
RECEPTIONIST,yes,no
RECIPE,no,yes
RECORD,no,yes
REEF,ambiguous,no
REFEREE,yes,no
REFRIGERATOR,no,no
REGISTER,no,no
REINDEER,yes,no
RELATIVE,yes,no
RELISH,no,yes
REPORT,no,yes
REPTILE,yes,no
RESORT,no,no
RESTAURANT,no,no
RIB,no,yes
RIBBON,no,yes
RICE,no,yes
RIDER,yes,no
RIFLE,no,no
RING,no,yes
RIVER,no,no
ROACH,yes,yes
ROAD,no,no
ROBBER,yes,no
ROBE,no,no
ROBIN,yes,yes
ROBOT,no,ambiguous
ROCK,no,yes
ROCKET,no,no
ROD,no,no
RODENT,yes,yes
ROOF,no,no
ROOM,no,no
ROOMMATE,yes,no
ROOST,no,no
ROOSTER,yes,no
ROOT,no,yes
ROPE,no,yes
ROSE,yes,yes
ROUGE,no,yes
RUBY,no,yes
RUG,no,no
RULER,no,yes
RUM,no,yes
RUNNER,yes,no
RUST,no,yes
SACK,no,yes
SADDLE,no,no
SAGE,no,yes
SAILOR,yes,no
SALAD,no,yes
SALESMAN,yes,no
SALIVA,no,yes
SALMON,yes,ambiguous
SALOON,no,no
SALT,no,yes
SAND,no,yes
SANDPAPER,no,yes
SANDWICH,no,yes
SAP,no,yes
SAPPHIRE,no,yes
SARDINE,yes,yes
SATURN,no,no
SAUCER,no,yes
SAUSAGE,no,yes
SAW,no,yes
SAXOPHONE,no,no
SCALE,no,ambiguous
SCALLOP,yes,yes
SCALPEL,no,yes
SCAPEGOAT,yes,no
SCARECROW,no,no
SCARF,no,yes
SCENERY,no,no
SCHOOL,no,no
SCIENTIST,yes,no
SCISSORS,no,yes
SCOTCH,no,yes
SCOUT,yes,no
SCREEN,no,no
SCREW,no,yes
SCREWDRIVER,no,yes
SCRIBBLE,no,yes
SCROLL,no,yes
SCULPTURE,no,no
SEA,no,no
SEAFOOD,no,yes
SEAGULL,yes,yes
SEAL,yes,no
SEASHORE,no,no
SEAT,no,no
SECRETARY,yes,no
SEED,no,yes
SENATE,no,no
SENATOR,yes,no
SERGEANT,yes,no
SERPENT,yes,no
SERVANT,yes,no
SERVER,ambiguous,no
SHACK,no,no
SHAMPOO,no,yes
SHARK,yes,no
SHEARS,no,yes
SHED,no,no
SHEEP,yes,no
SHEET,no,no
SHELF,no,no
SHELL,no,yes
SHELTER,no,no
SHEPHERD,yes,no
SHERIFF,yes,no
SHINGLE,no,yes
SHIP,no,no
SHIRT,no,no
SHOE,no,yes
SHOELACE,no,yes
SHOP,no,no
SHORE,no,no
SHORTCAKE,no,yes
SHORTS,no,no
SHOULDER,no,no
SHOVEL,no,no
SHOWER,no,no
SHRIMP,yes,yes
SHRINE,no,no
SHRUB,yes,no
SHUTTER,no,no
SIBLING,yes,no
SICKLE,no,no
SIDEWALK,no,no
SIDING,no,no
SIGN,no,no
SIGNATURE,no,yes
SILK,no,yes
SILVERWARE,no,yes
SINK,no,no
SIREN,no,yes
SIRLOIN,no,yes
SISTER,yes,no
SKATE,no,yes
SKELETON,no,no
SKETCH,no,yes
SKI,no,no
SKILLET,no,yes
SKIN,no,no
SKIRT,no,no
SKULL,no,no
SKUNK,yes,no
SKYSCRAPER,no,no
SLACKS,no,no
SLEEVE,no,yes
SLEIGH,no,no
SLIDE,no,no
SLIME,no,yes
SLOPE,no,no
SLUG,yes,yes
SMOG,no,no
SNACK,no,yes
SNAIL,yes,yes
SNAKE,yes,no
SNEAKER,no,yes
SNOB,yes,no
SNORKEL,no,yes
SOAP,no,yes
SOCIETY,no,no
SOCK,no,yes
SOCKET,no,yes
SODA,no,yes
SOFA,no,no
SOFTBALL,no,yes
SOLDIER,yes,no
SPACE,no,no
SPAGHETTI,no,yes
SPARROW,yes,yes
SPATULA,no,yes
SPHINX,ambiguous,no
SPICE,no,yes
SPIDER,yes,yes
SPINACH,no,yes
SPINE,no,no
SPIT,no,yes
SPONGE,no,yes
SPOOL,no,yes
SPOON,no,yes
SPOUSE,yes,no
SPRINKLE,no,yes
SPY,yes,no
SQUID,yes,ambiguous
SQUIRREL,yes,yes
STABLE,no,no
STADIUM,no,no
STAFF,no,no
STAGE,no,no
STAIRS,no,no
STAKE,no,yes
STALLION,yes,no
STAMP,no,yes
STAPLE,no,yes
STAPLER,no,yes
STAR,no,ambiguous
STATUE,no,no
STEAM,no,ambiguous
STEM,no,yes
STEP,no,no
STEREO,no,no
STETHOSCOPE,no,yes
STEW,no,yes
STEWARDESS,yes,no
STICKER,no,yes
STOCKING,no,yes
STOMACH,no,yes
STONE,no,yes
STOOL,no,no
STORE,no,no
STOVE,no,no
STRANGER,yes,no
STRAW,no,yes
STRAWBERRY,no,yes
STREAM,no,no
STREET,no,no
STRING,no,yes
STUDENT,yes,no
STUMP,no,no
STY,no,ambiguous
SUBMARINE,no,no
SUBURB,no,no
SUBWAY,no,no
SUGAR,no,yes
SUIT,no,no
SUITCASE,no,no
SUITE,no,no
SUMMIT,no,no
SUN,no,no
SUNRISE,no,no
SUNSET,no,no
SUPERMARKET,no,no
SUPERVISOR,yes,no
SUPPER,no,no
SURF,no,no
SURGEON,yes,no
SURVEY,no,yes
SUSPECT,yes,no
SWAMP,no,no
SWAN,yes,no
SWATTER,no,yes
SWEATER,no,no
SWIMMER,yes,no
SWING,no,no
SWITCH,no,yes
SWORD,no,no
SYRINGE,no,yes
SYRUP,no,yes
TABLE,no,no
TABLET,no,yes
TACK,no,yes
TAG,no,yes
TAIL,no,yes
TANGERINE,no,yes
TANK,no,no
TAPE,no,yes
TAPIOCA,no,yes
TAR,no,yes
TART,no,yes
TAVERN,no,no
TAXI,no,no
TEA,no,yes
TEACHER,yes,no
TEAM,no,no
TEAPOT,no,yes
TECHNICIAN,yes,no
TEENAGER,yes,no
TELEPHONE,no,yes
TELESCOPE,no,no
TELEVISION,no,no
TEMPLE,no,no
TENT,no,no
TERMINAL,no,no
TERMITE,yes,yes
TERRITORY,no,no
THERMOMETER,no,yes
THESAURUS,no,yes
THICKET,no,no
THIEF,yes,no
THIGH,no,no
THIMBLE,no,yes
THORN,no,yes
THREAD,no,yes
THRONE,no,no
THUMB,no,yes
TICK,yes,yes
TICKET,no,yes
TIDE,no,no
TIE,no,yes
TIGER,yes,no
TILE,no,yes
TIMBER,no,no
TOAD,yes,yes
TOAST,no,yes
TOASTER,no,yes
TOE,no,yes
TOENAIL,no,yes
TOILET,no,no
TOMATO,no,yes
TOMB,no,no
TOMBSTONE,no,no
TONGUE,no,yes
TOOL,no,yes
TOOTH,no,yes
TOOTHBRUSH,no,yes
TOOTHPASTE,no,yes
TORCH,no,yes
TORNADO,no,no
TORTOISE,yes,ambiguous
TOTE,no,yes
TOURIST,yes,no
TOWEL,no,no
TOWER,no,no
TOWN,no,no
TOY,no,yes
TRACTOR,no,no
TRAIN,no,no
TRAITOR,yes,no
TRANSPLANT,no,yes
TRASH,no,no
TRAY,no,yes
TREAD,no,yes
TREASURE,no,yes
TREAT,no,yes
TREE,yes,no
TRENCH,no,no
TRIANGLE,no,yes
TRIBE,no,no
TRICYCLE,no,no
TRIGGER,no,yes
TROMBONE,no,no
TROPHY,no,yes
TROUSERS,no,no
TROUT,yes,yes
TRUCK,no,no
TRUMPET,no,ambiguous
TUB,no,ambiguous
TUBA,no,no
TUBE,no,yes
TULIP,yes,yes
TUNA,yes,ambiguous
TUNNEL,no,no
TURKEY,yes,no
TURNIP,no,yes
TURTLE,yes,ambiguous
TUSK,no,ambiguous
TUTU,no,yes
TUXEDO,no,no
TWEEZERS,no,yes
TWIG,no,yes
TWIN,yes,no
TWINE,no,yes
TWISTER,no,no
TYPEWRITER,no,no
TYPIST,yes,no
ULCER,no,yes
UMBRELLA,no,no
UMPIRE,yes,no
UNCLE,yes,no
UNDERWEAR,no,yes
UNICORN,ambiguous,no
UNIFORM,no,no
UNIVERSE,no,no
UNIVERSITY,no,no
UTENSIL,no,yes
VACUUM,no,no
VAGRANT,yes,no
VALLEY,no,no
VALVE,no,yes
VAMPIRE,ambiguous,no
VAN,no,no
VASE,no,yes
VAULT,no,no
VEAL,no,yes
VEGETABLE,no,yes
VEHICLE,no,no
VEIN,no,yes
VELVET,no,yes
VENT,no,yes
VENUS,no,no
VESSEL,no,ambiguous
VEST,no,ambiguous
VET,yes,no
VETERAN,yes,no
VICTIM,yes,no
VICTOR,yes,no
VIDEO,no,yes
VIKING,yes,no
VILLAGE,no,no
VILLAIN,yes,no
VINE,yes,no
VINEGAR,no,yes
VIOLA,no,no
VIOLIN,no,no
VIRUS,ambiguous,yes
VISITOR,yes,no
VITAMIN,no,yes
VOLCANO,no,no
VOLLEYBALL,no,ambiguous
VOLUNTEER,yes,no
WAGON,no,no
WAIST,no,no
WAITER,yes,no
WAITRESS,yes,no
WALL,no,no
WALLET,no,yes
WALNUT,no,yes
WALRUS,yes,no
WAND,no,yes
WARDROBE,no,no
WAREHOUSE,no,no
WARRIOR,yes,no
WART,no,yes
WASHCLOTH,no,yes
WASHER,no,ambiguous
WASP,yes,yes
WATER,no,yes
WATERFALL,no,no
WAVE,no,no
WAX,no,yes
WEB,no,yes
WEED,yes,yes
WELL,no,no
WHALE,yes,no
WHEAT,no,yes
WHEEL,no,no
WHIP,no,ambiguous
WHISKERS,no,yes
WHISTLE,no,yes
WICK,no,yes
WIDOW,yes,no
WIFE,yes,no
WILDERNESS,no,no
WINDOW,no,no
WINDSHIELD,no,no
WINE,no,yes
WINGS,no,yes
WINNER,yes,no
WIRE,no,yes
WITCH,ambiguous,no
WITNESS,yes,no
WOLF,yes,no
WOMAN,yes,no
WORKER,yes,no
WORLD,no,no
WORM,yes,yes
WOUND,no,ambiguous
WRENCH,no,yes
WRIST,no,yes
WRITER,yes,no
XEROX,no,yes
YACHT,no,no
YARD,no,no
YARN,no,yes
YOKE,no,ambiguous
YOLK,no,yes
YOUTH,yes,no
ZEBRA,yes,no
ZIPPER,no,yes
ZOO,no,no
ZUCCHINI,no,yes
